[
{
    "fields": {
        "model": "logentry",
        "name": "log entry",
        "app_label": "admin"
    },
    "model": "contenttypes.contenttype",
    "pk": 1
},
{
    "fields": {
        "model": "permission",
        "name": "permission",
        "app_label": "auth"
    },
    "model": "contenttypes.contenttype",
    "pk": 2
},
{
    "fields": {
        "model": "group",
        "name": "group",
        "app_label": "auth"
    },
    "model": "contenttypes.contenttype",
    "pk": 3
},
{
    "fields": {
        "model": "user",
        "name": "user",
        "app_label": "auth"
    },
    "model": "contenttypes.contenttype",
    "pk": 4
},
{
    "fields": {
        "model": "contenttype",
        "name": "content type",
        "app_label": "contenttypes"
    },
    "model": "contenttypes.contenttype",
    "pk": 5
},
{
    "fields": {
        "model": "session",
        "name": "session",
        "app_label": "sessions"
    },
    "model": "contenttypes.contenttype",
    "pk": 6
},
{
    "fields": {
        "model": "student",
        "name": "student",
        "app_label": "students"
    },
    "model": "contenttypes.contenttype",
    "pk": 7
},
{
    "fields": {
        "model": "group",
        "name": "\u0413\u0440\u0443\u043f\u0430",
        "app_label": "students"
    },
    "model": "contenttypes.contenttype",
    "pk": 8
},
{
    "fields": {
        "expire_date": "2018-06-12T13:09:05Z",
        "session_data": "MTg1OTIzN2Q1Y2FhNjE4NzM5MTkwZjllZWEwYWNkMTNmYmUyMWI3MDp7Il9hdXRoX3VzZXJfaGFzaCI6IjRhMjQ0OWU5NTVlOWQxZjgwMjEzODRiNDI1MDgyYTY3ODlmZGY5NTUiLCJfYXV0aF91c2VyX2JhY2tlbmQiOiJkamFuZ28uY29udHJpYi5hdXRoLmJhY2tlbmRzLk1vZGVsQmFja2VuZCIsIl9hdXRoX3VzZXJfaWQiOjF9"
    },
    "model": "sessions.session",
    "pk": "4b0rkdl3da5zlnxfpldywmptucmd6q7v"
},
{
    "fields": {
        "expire_date": "2018-05-31T14:08:10Z",
        "session_data": "NDNkYTE1NmU1M2ViMmQwYmQ4Y2VmMTI1YWUwMDU1ZTRkMDU3MWExYjp7Il9hdXRoX3VzZXJfaGFzaCI6ImIxYTYzMGJlYTgxMDFkNzA1YmNhYTNlNjUwM2JmMGMwNDk5MDJkMDQiLCJfYXV0aF91c2VyX2JhY2tlbmQiOiJkamFuZ28uY29udHJpYi5hdXRoLmJhY2tlbmRzLk1vZGVsQmFja2VuZCIsIl9hdXRoX3VzZXJfaWQiOjJ9"
    },
    "model": "sessions.session",
    "pk": "gn0qnjp6ehnadn5d5tsg4w3ia03uyrb3"
},
{
    "fields": {
        "expire_date": "2018-06-12T12:57:28Z",
        "session_data": "MTg1OTIzN2Q1Y2FhNjE4NzM5MTkwZjllZWEwYWNkMTNmYmUyMWI3MDp7Il9hdXRoX3VzZXJfaGFzaCI6IjRhMjQ0OWU5NTVlOWQxZjgwMjEzODRiNDI1MDgyYTY3ODlmZGY5NTUiLCJfYXV0aF91c2VyX2JhY2tlbmQiOiJkamFuZ28uY29udHJpYi5hdXRoLmJhY2tlbmRzLk1vZGVsQmFja2VuZCIsIl9hdXRoX3VzZXJfaWQiOjF9"
    },
    "model": "sessions.session",
    "pk": "z6kcy15e2f9v4wpocgixml133kyl1yaz"
},
{
    "fields": {
        "first_name": "Oleg",
        "last_name": "Podoba",
        "middle_name": "\u0456\u0432\u0440\u0456\u0440\u0435",
        "photo": "./me.jpeg",
        "notes": "",
        "student_group": 3,
        "birthday": "2018-05-17",
        "ticket": "234"
    },
    "model": "students.student",
    "pk": 1
},
{
    "fields": {
        "first_name": "Aleksandr",
        "last_name": "Zakharov",
        "middle_name": "Aleksandrovich",
        "photo": "",
        "notes": "",
        "student_group": 4,
        "birthday": "2018-05-17",
        "ticket": "866925"
    },
    "model": "students.student",
    "pk": 2
},
{
    "fields": {
        "first_name": "\u041e\u043b\u0435\u043a\u0441\u0430\u043d\u0434\u0440",
        "last_name": "\u0411\u0435\u043b\u044c\u0447\u0435\u043d\u043a\u043e",
        "middle_name": "\u041e\u043b\u0435\u043a\u0441\u0430\u043d\u0434\u0440\u043e\u0432\u0438\u0447",
        "photo": "./belch.jpg",
        "notes": "",
        "student_group": 6,
        "birthday": "2018-05-17",
        "ticket": "072568"
    },
    "model": "students.student",
    "pk": 3
},
{
    "fields": {
        "first_name": "\u0406\u043b\u043e\u043d",
        "last_name": "\u041c\u0430\u0441\u043a",
        "middle_name": "\u041f\u0440\u0438\u0431\u0443\u043b\u0435\u0446\u044c",
        "photo": "",
        "notes": "",
        "student_group": 7,
        "birthday": "2018-05-23",
        "ticket": "112233"
    },
    "model": "students.student",
    "pk": 4
},
{
    "fields": {
        "first_name": "\u0421\u0432\u0435\u0442\u0430",
        "last_name": "\u0421\u0432\u0435\u0442\u0430",
        "middle_name": "\u0421\u0432\u0435\u0442\u0430",
        "photo": "./podoba3.jpg",
        "notes": "",
        "student_group": 8,
        "birthday": "2018-05-23",
        "ticket": "112"
    },
    "model": "students.student",
    "pk": 5
},
{
    "fields": {
        "first_name": "\u0410\u043b\u0435\u043a\u0441\u0435\u0439",
        "last_name": "\u0410\u043d\u0442\u043e\u043d",
        "middle_name": "\u0428\u0430\u043f\u043e\u043a\u043b\u044f\u043a",
        "photo": "./me_SNEGuZ3.jpeg",
        "notes": "",
        "student_group": 5,
        "birthday": "2018-05-23",
        "ticket": "654687"
    },
    "model": "students.student",
    "pk": 6
},
{
    "fields": {
        "first_name": "2121",
        "last_name": "2121",
        "middle_name": "2121",
        "photo": "",
        "notes": "",
        "student_group": 3,
        "birthday": "2018-05-29",
        "ticket": "2121"
    },
    "model": "students.student",
    "pk": 7
},
{
    "fields": {
        "first_name": "\u0412\u043b\u0430\u0434\u0438\u0441\u043b\u0430\u0432",
        "last_name": "\u0421\u0435\u043c\u0435\u043d\u0446\u043e\u0432",
        "middle_name": "\u041a\u043e\u0441\u0442\u044f\u043d\u0442\u0438\u043d\u043e\u0432\u0438\u0447",
        "photo": "",
        "notes": "",
        "student_group": 9,
        "birthday": "2018-06-01",
        "ticket": "21354"
    },
    "model": "students.student",
    "pk": 8
},
{
    "fields": {
        "first_name": "\u0420\u043e\u043c\u0430\u043d",
        "last_name": "\u041d\u0443\u0440\u043c\u0430\u043c\u0435\u0434\u043e\u0432",
        "middle_name": "\u041b\u0435\u043e\u043d\u0456\u0434\u043e\u0432\u0438\u0447",
        "photo": "",
        "notes": "",
        "student_group": 9,
        "birthday": "2018-06-01",
        "ticket": "364343685"
    },
    "model": "students.student",
    "pk": 9
},
{
    "fields": {
        "first_name": "\u0412\u043b\u0430\u0434\u0438\u0441\u043b\u0430\u0432",
        "last_name": "\u041a\u043b\u0456\u043c\u0435\u043d\u043a\u043e",
        "middle_name": "\u0410\u043d\u0430\u0442\u043e\u043b\u0456\u0439\u043e\u0432\u0438\u0447",
        "photo": "",
        "notes": "",
        "student_group": 9,
        "birthday": "2018-06-01",
        "ticket": "3541384"
    },
    "model": "students.student",
    "pk": 10
},
{
    "fields": {
        "first_name": "\u0404\u043b\u0456\u0437\u0430\u0432\u0435\u0442\u0430",
        "last_name": "\u041c\u0435\u043b\u0430\u043d\u0456\u0447",
        "middle_name": "\u0412\u0430\u043b\u0435\u0440\u0456\u0457\u0432\u043d\u0430",
        "photo": "",
        "notes": "",
        "student_group": 3,
        "birthday": "2018-06-01",
        "ticket": "3543468"
    },
    "model": "students.student",
    "pk": 11
},
{
    "fields": {
        "first_name": "\u0412\u043b\u0430\u0434\u0438\u0441\u043b\u0430\u0432",
        "last_name": "\u041f\u0440\u044f\u0445\u0456\u043d",
        "middle_name": "\u0414\u043c\u0438\u0442\u0440\u043e\u0432\u0438\u0447",
        "photo": "",
        "notes": "",
        "student_group": 3,
        "birthday": "2018-06-01",
        "ticket": "3843438"
    },
    "model": "students.student",
    "pk": 12
},
{
    "fields": {
        "first_name": "\u0412\u043b\u0430\u0434\u0438\u0441\u043b\u0430\u0432",
        "last_name": "\u041c\u043e\u043c\u043e\u0442",
        "middle_name": "\u0414\u043c\u0438\u0442\u0440\u043e\u0432\u0438\u0447",
        "photo": "",
        "notes": "",
        "student_group": 3,
        "birthday": "2018-06-01",
        "ticket": "3436413154"
    },
    "model": "students.student",
    "pk": 13
},
{
    "fields": {
        "first_name": "\u0410\u043b\u0456\u043d\u0430",
        "last_name": "\u0410\u043c\u0431\u0440\u043e\u0441\u044c\u043e\u043d\u043e\u043a",
        "middle_name": "\u0410\u043d\u0434\u0440\u0456\u0457\u0432\u043d\u0430",
        "photo": "",
        "notes": "",
        "student_group": 3,
        "birthday": "2018-06-01",
        "ticket": "3451314"
    },
    "model": "students.student",
    "pk": 14
},
{
    "fields": {
        "first_name": "\u0411\u043e\u0433\u0434\u0430\u043d",
        "last_name": "\u0413\u0440\u0435\u0447\u0443\u043a",
        "middle_name": "\u0406\u0433\u043e\u0440\u043e\u0432\u0438\u0447",
        "photo": "",
        "notes": "",
        "student_group": 3,
        "birthday": "2018-06-01",
        "ticket": "6846114684"
    },
    "model": "students.student",
    "pk": 15
},
{
    "fields": {
        "first_name": "\u0414\u043c\u0438\u0442\u0440\u043e",
        "last_name": "\u0427\u0435\u043f\u043e\u0432",
        "middle_name": "\u0404\u0432\u0433\u0435\u043d\u0456\u0439\u043e\u0432\u0438\u0447",
        "photo": "",
        "notes": "",
        "student_group": 3,
        "birthday": "2018-06-01",
        "ticket": "36184136"
    },
    "model": "students.student",
    "pk": 16
},
{
    "fields": {
        "first_name": "\u0414\u043c\u0438\u0442\u0440\u043e",
        "last_name": "\u041b\u0443\u043d\u0456\u043d",
        "middle_name": "\u0421\u0435\u0440\u0433\u0456\u0439\u043e\u0432\u0438\u0447",
        "photo": "",
        "notes": "",
        "student_group": 3,
        "birthday": "2018-06-01",
        "ticket": "369768468"
    },
    "model": "students.student",
    "pk": 17
},
{
    "fields": {
        "first_name": "\u0411\u043e\u0433\u0434\u0430\u043d",
        "last_name": "\u0413\u043b\u0443\u0445\u0435\u043d\u044c\u043a\u0438\u0439",
        "middle_name": "\u041e\u043b\u0435\u043a\u0441\u0456\u0439\u043e\u0432\u0438\u0447",
        "photo": "",
        "notes": "",
        "student_group": 4,
        "birthday": "2018-06-01",
        "ticket": "32854681"
    },
    "model": "students.student",
    "pk": 18
},
{
    "fields": {
        "first_name": "\u041c\u0438\u043a\u043e\u043b\u0430",
        "last_name": "\u041f\u0440\u0430\u0432\u0456\u043b\u043e\u0432",
        "middle_name": "\u041e\u043b\u0435\u043a\u0441\u0430\u043d\u0434\u0440\u043e\u0432\u0438\u0447",
        "photo": "",
        "notes": "",
        "student_group": 4,
        "birthday": "2018-06-01",
        "ticket": "1398461"
    },
    "model": "students.student",
    "pk": 19
},
{
    "fields": {
        "first_name": "\u041e\u043b\u0435\u043a\u0441\u0456\u0439",
        "last_name": "\u0411\u0430\u0440\u0430\u043d\u043e\u0432\u044c\u043a\u0438\u0439",
        "middle_name": "\u0406\u0433\u043e\u0440\u043e\u0432\u0438\u0447",
        "photo": "",
        "notes": "",
        "student_group": 4,
        "birthday": "2018-06-01",
        "ticket": "368435"
    },
    "model": "students.student",
    "pk": 20
},
{
    "fields": {
        "first_name": "\u0404\u0433\u043e\u0440",
        "last_name": "\u0422\u0440\u0430\u0447\u0443\u043a",
        "middle_name": "\u0412\u0430\u043b\u0435\u0440\u0456\u0439\u043e\u0432\u0438\u0447",
        "photo": "",
        "notes": "",
        "student_group": 5,
        "birthday": "2018-06-01",
        "ticket": "696684"
    },
    "model": "students.student",
    "pk": 21
},
{
    "fields": {
        "first_name": "\u041c\u0438\u043a\u043e\u043b\u0430",
        "last_name": "\u041a\u0440\u043e\u043c\u0431\u0435\u0442",
        "middle_name": "\u041e\u043b\u0435\u043a\u0441\u0430\u043d\u0434\u0440\u043e\u0432\u0438\u0447",
        "photo": "",
        "notes": "",
        "student_group": 5,
        "birthday": "2018-06-01",
        "ticket": "87464684"
    },
    "model": "students.student",
    "pk": 22
},
{
    "fields": {
        "first_name": "\u0412\u043b\u0430\u0434\u0438\u0441\u043b\u0430\u0432",
        "last_name": "\u041c\u0430\u043a\u043e\u0432\u0441\u044c\u043a\u0438\u0439",
        "middle_name": "\u0420\u0443\u0441\u043b\u0430\u043d\u043e\u0432\u0438\u0447",
        "photo": "",
        "notes": "",
        "student_group": 6,
        "birthday": "2018-06-01",
        "ticket": "68968"
    },
    "model": "students.student",
    "pk": 23
},
{
    "fields": {
        "first_name": "\u041a\u0438\u0440\u0438\u043b\u043e",
        "last_name": "\u041a\u0443\u043b\u0456\u043d\u0456\u0447",
        "middle_name": "\u0406\u0433\u043e\u0440\u043e\u0432\u0438\u0447",
        "photo": "",
        "notes": "",
        "student_group": 6,
        "birthday": "2018-06-01",
        "ticket": "99635"
    },
    "model": "students.student",
    "pk": 24
},
{
    "fields": {
        "first_name": "\u0421\u0432\u0456\u0442\u043b\u0430\u043d\u0430",
        "last_name": "\u0427\u0435\u0440\u0435\u0434\u0430",
        "middle_name": "\u0412\u0430\u043b\u0435\u043d\u0442\u0438\u043d\u0456\u0432\u043d\u0430",
        "photo": "",
        "notes": "",
        "student_group": 6,
        "birthday": "2018-06-01",
        "ticket": "527452"
    },
    "model": "students.student",
    "pk": 25
},
{
    "fields": {
        "first_name": "\u041e\u043b\u0435\u043a\u0441\u0430\u043d\u0434\u0440\u0430",
        "last_name": "\u0421\u043e\u0440\u043e\u043a\u0456\u043d\u0430",
        "middle_name": "\u0421\u0435\u0440\u0433\u0456\u0457\u0432\u043d\u0430",
        "photo": "",
        "notes": "",
        "student_group": 7,
        "birthday": "2018-06-01",
        "ticket": "74289565"
    },
    "model": "students.student",
    "pk": 26
},
{
    "fields": {
        "first_name": "\u0420\u043e\u043c\u0430\u043d",
        "last_name": "\u0411\u043e\u043d\u0434\u0430\u0440",
        "middle_name": "\u0421\u0435\u0440\u0433\u0456\u0439\u043e\u0432\u0438\u0447",
        "photo": "",
        "notes": "",
        "student_group": 7,
        "birthday": "2018-06-01",
        "ticket": "96527421"
    },
    "model": "students.student",
    "pk": 27
},
{
    "fields": {
        "first_name": "\u041d\u0456\u043a\u0456\u0442\u0430",
        "last_name": "\u0422\u0438\u0449\u0435\u043d\u043a\u043e",
        "middle_name": "\u0413\u0435\u043d\u043d\u0430\u0434\u0456\u0439\u043e\u0432\u0438\u0447",
        "photo": "",
        "notes": "",
        "student_group": 8,
        "birthday": "2018-06-01",
        "ticket": "68464"
    },
    "model": "students.student",
    "pk": 28
},
{
    "fields": {
        "first_name": "\u0414\u0435\u043d\u0438\u0441",
        "last_name": "\u041a\u043e\u0437\u0456\u043a",
        "middle_name": "\u041e\u043b\u0435\u043a\u0441\u0430\u043d\u0434\u0440\u043e\u0432\u0438\u0447",
        "photo": "",
        "notes": "",
        "student_group": 8,
        "birthday": "2018-06-01",
        "ticket": "641634684"
    },
    "model": "students.student",
    "pk": 29
},
{
    "fields": {
        "first_name": "\u042e\u043b\u0456\u0430\u043d\u0430",
        "last_name": "\u0428\u043a\u043b\u044f\u0440\u0435\u043d\u043a\u043e",
        "middle_name": "\u041c\u0438\u043a\u043e\u043b\u0430\u0457\u0432\u043d\u0430",
        "photo": "",
        "notes": "",
        "student_group": 10,
        "birthday": "2018-06-01",
        "ticket": "346444485"
    },
    "model": "students.student",
    "pk": 30
},
{
    "fields": {
        "first_name": "\u0412\u043e\u043b\u043e\u0434\u0438\u043c\u0438\u0440",
        "last_name": "\u0413\u043e\u0440\u044f\u043d\u043e\u0439",
        "middle_name": "\u0410\u043d\u0434\u0440\u0456\u0439\u043e\u0432\u0438\u0447",
        "photo": "",
        "notes": "",
        "student_group": 10,
        "birthday": "2018-06-01",
        "ticket": "963595"
    },
    "model": "students.student",
    "pk": 31
},
{
    "fields": {
        "first_name": "\u0421\u0432\u0456\u0442\u043b\u0430\u043d\u0430",
        "last_name": "\u0421\u043f\u0456\u0432\u0430\u043a",
        "middle_name": "\u042e\u0440\u0456\u0457\u0432\u043d\u0430",
        "photo": "",
        "notes": "",
        "student_group": 10,
        "birthday": "2018-06-01",
        "ticket": "354634644"
    },
    "model": "students.student",
    "pk": 32
},
{
    "fields": {
        "first_name": "\u0404\u0432\u0433\u0435\u043d\u0456\u0439",
        "last_name": "\u041f\u043e\u043d\u043e\u043c\u0430\u0440\u0435\u043d\u043a\u043e",
        "middle_name": "\u0412\u0430\u0434\u0438\u043c\u043e\u0432\u0438\u0447",
        "photo": "",
        "notes": "",
        "student_group": 10,
        "birthday": "2018-06-01",
        "ticket": "6846461"
    },
    "model": "students.student",
    "pk": 33
},
{
    "fields": {
        "first_name": "\u041a\u0430\u0442\u0435\u0440\u0438\u043d\u0430",
        "last_name": "\u0411\u043e\u043d\u0434\u0430\u0440\u0435\u043d\u043a\u043e",
        "middle_name": "\u041e\u043b\u0435\u043a\u0441\u0430\u043d\u0434\u0440\u0456\u0432\u043d\u0430",
        "photo": "",
        "notes": "",
        "student_group": 11,
        "birthday": "2018-06-01",
        "ticket": "614623106"
    },
    "model": "students.student",
    "pk": 34
},
{
    "fields": {
        "first_name": "\u0410\u043d\u0434\u0440\u0456\u0439",
        "last_name": "\u0406\u0441\u0442\u043e\u043c\u0456\u043d",
        "middle_name": "\u041f\u0430\u0432\u043b\u043e\u0432\u0438\u0447",
        "photo": "",
        "notes": "",
        "student_group": 11,
        "birthday": "2018-06-01",
        "ticket": "31684684"
    },
    "model": "students.student",
    "pk": 35
},
{
    "fields": {
        "first_name": "\u0412\u043b\u0430\u0434\u0438\u0441\u043b\u0430\u0432",
        "last_name": "\u0414\u0436\u0443\u0441",
        "middle_name": "\u041e\u043b\u0435\u0433\u043e\u0432\u0438\u0447",
        "photo": "",
        "notes": "",
        "student_group": 11,
        "birthday": "2018-06-01",
        "ticket": "3613684"
    },
    "model": "students.student",
    "pk": 36
},
{
    "fields": {
        "first_name": "\u0412\u0456\u043a\u0442\u043e\u0440\u0456\u044f",
        "last_name": "\u041a\u043e\u043d\u0434\u0440\u0430\u0442\u043e\u0432\u0430",
        "middle_name": "\u0406\u0433\u043e\u0440\u0456\u0432\u043d\u0430",
        "photo": "",
        "notes": "",
        "student_group": 12,
        "birthday": "2018-06-01",
        "ticket": "36843643684"
    },
    "model": "students.student",
    "pk": 37
},
{
    "fields": {
        "first_name": "\u0412\u0430\u043b\u0435\u0440\u0456\u044f",
        "last_name": "\u0411\u0430\u0431\u0447\u0443\u043a",
        "middle_name": "\u0413\u0435\u043d\u043d\u0430\u0434\u0456\u0457\u0432\u043d\u0430",
        "photo": "",
        "notes": "",
        "student_group": 12,
        "birthday": "2018-06-01",
        "ticket": "31846464"
    },
    "model": "students.student",
    "pk": 38
},
{
    "fields": {
        "first_name": "\u0412\u0430\u0434\u0438\u043c",
        "last_name": "\u0411\u043e\u043d\u0434\u0430\u0440",
        "middle_name": "\u0412\u0430\u043b\u0435\u0440\u0456\u0439\u043e\u0432\u0438\u0447",
        "photo": "",
        "notes": "",
        "student_group": 12,
        "birthday": "2018-06-01",
        "ticket": "684631364"
    },
    "model": "students.student",
    "pk": 39
},
{
    "fields": {
        "first_name": "\u041c\u0430\u043a\u0441\u0438\u043c",
        "last_name": "\u041b\u044e\u043b\u0456\u043d",
        "middle_name": "\u0421\u0435\u0440\u0433\u0456\u0439\u043e\u0432\u0438\u0447",
        "photo": "",
        "notes": "",
        "student_group": 12,
        "birthday": "2018-06-01",
        "ticket": "346464"
    },
    "model": "students.student",
    "pk": 40
},
{
    "fields": {
        "first_name": "\u041c\u0430\u043a\u0441\u0438\u043c",
        "last_name": "\u0410\u043d\u0442\u043e\u043d\u0438\u0448\u0438\u043d",
        "middle_name": "\u041c\u0438\u0445\u0430\u0439\u043b\u043e\u0432\u0438\u0447",
        "photo": "",
        "notes": "",
        "student_group": 12,
        "birthday": "2018-06-01",
        "ticket": "687464131"
    },
    "model": "students.student",
    "pk": 41
},
{
    "fields": {
        "first_name": "\u0410\u043d\u0442\u043e\u043d",
        "last_name": "\u0406\u0441\u044c\u043a\u043e\u0432",
        "middle_name": "\u041e\u043b\u0435\u043a\u0441\u0430\u043d\u0434\u0440\u043e\u0432\u0438\u0447",
        "photo": "",
        "notes": "",
        "student_group": 12,
        "birthday": "2018-06-01",
        "ticket": "646374687684"
    },
    "model": "students.student",
    "pk": 42
},
{
    "fields": {
        "notes": "",
        "leader": 11,
        "title": "\u041b\u0410-71"
    },
    "model": "students.group",
    "pk": 3
},
{
    "fields": {
        "notes": "",
        "leader": 18,
        "title": "\u041b\u0410-72"
    },
    "model": "students.group",
    "pk": 4
},
{
    "fields": {
        "notes": "",
        "leader": 6,
        "title": "\u041b\u041d-71"
    },
    "model": "students.group",
    "pk": 5
},
{
    "fields": {
        "notes": "",
        "leader": 3,
        "title": "\u041b\u041f-71"
    },
    "model": "students.group",
    "pk": 6
},
{
    "fields": {
        "notes": "",
        "leader": 4,
        "title": "\u041b\u041f-72"
    },
    "model": "students.group",
    "pk": 7
},
{
    "fields": {
        "notes": "",
        "leader": 5,
        "title": "\u041b\u0423-71"
    },
    "model": "students.group",
    "pk": 8
},
{
    "fields": {
        "notes": "",
        "leader": 8,
        "title": "\u041b\u0410-\u043f71"
    },
    "model": "students.group",
    "pk": 9
},
{
    "fields": {
        "notes": "",
        "leader": 30,
        "title": "\u041b\u0426-71"
    },
    "model": "students.group",
    "pk": 10
},
{
    "fields": {
        "notes": "",
        "leader": 34,
        "title": "\u041b\u0410-61"
    },
    "model": "students.group",
    "pk": 11
},
{
    "fields": {
        "notes": "",
        "leader": 40,
        "title": "\u041b\u0410-62"
    },
    "model": "students.group",
    "pk": 12
},
{
    "fields": {
        "codename": "add_logentry",
        "name": "Can add log entry",
        "content_type": 1
    },
    "model": "auth.permission",
    "pk": 1
},
{
    "fields": {
        "codename": "change_logentry",
        "name": "Can change log entry",
        "content_type": 1
    },
    "model": "auth.permission",
    "pk": 2
},
{
    "fields": {
        "codename": "delete_logentry",
        "name": "Can delete log entry",
        "content_type": 1
    },
    "model": "auth.permission",
    "pk": 3
},
{
    "fields": {
        "codename": "add_permission",
        "name": "Can add permission",
        "content_type": 2
    },
    "model": "auth.permission",
    "pk": 4
},
{
    "fields": {
        "codename": "change_permission",
        "name": "Can change permission",
        "content_type": 2
    },
    "model": "auth.permission",
    "pk": 5
},
{
    "fields": {
        "codename": "delete_permission",
        "name": "Can delete permission",
        "content_type": 2
    },
    "model": "auth.permission",
    "pk": 6
},
{
    "fields": {
        "codename": "add_group",
        "name": "Can add group",
        "content_type": 3
    },
    "model": "auth.permission",
    "pk": 7
},
{
    "fields": {
        "codename": "change_group",
        "name": "Can change group",
        "content_type": 3
    },
    "model": "auth.permission",
    "pk": 8
},
{
    "fields": {
        "codename": "delete_group",
        "name": "Can delete group",
        "content_type": 3
    },
    "model": "auth.permission",
    "pk": 9
},
{
    "fields": {
        "codename": "add_user",
        "name": "Can add user",
        "content_type": 4
    },
    "model": "auth.permission",
    "pk": 10
},
{
    "fields": {
        "codename": "change_user",
        "name": "Can change user",
        "content_type": 4
    },
    "model": "auth.permission",
    "pk": 11
},
{
    "fields": {
        "codename": "delete_user",
        "name": "Can delete user",
        "content_type": 4
    },
    "model": "auth.permission",
    "pk": 12
},
{
    "fields": {
        "codename": "add_contenttype",
        "name": "Can add content type",
        "content_type": 5
    },
    "model": "auth.permission",
    "pk": 13
},
{
    "fields": {
        "codename": "change_contenttype",
        "name": "Can change content type",
        "content_type": 5
    },
    "model": "auth.permission",
    "pk": 14
},
{
    "fields": {
        "codename": "delete_contenttype",
        "name": "Can delete content type",
        "content_type": 5
    },
    "model": "auth.permission",
    "pk": 15
},
{
    "fields": {
        "codename": "add_session",
        "name": "Can add session",
        "content_type": 6
    },
    "model": "auth.permission",
    "pk": 16
},
{
    "fields": {
        "codename": "change_session",
        "name": "Can change session",
        "content_type": 6
    },
    "model": "auth.permission",
    "pk": 17
},
{
    "fields": {
        "codename": "delete_session",
        "name": "Can delete session",
        "content_type": 6
    },
    "model": "auth.permission",
    "pk": 18
},
{
    "fields": {
        "codename": "add_student",
        "name": "Can add student",
        "content_type": 7
    },
    "model": "auth.permission",
    "pk": 19
},
{
    "fields": {
        "codename": "change_student",
        "name": "Can change student",
        "content_type": 7
    },
    "model": "auth.permission",
    "pk": 20
},
{
    "fields": {
        "codename": "delete_student",
        "name": "Can delete student",
        "content_type": 7
    },
    "model": "auth.permission",
    "pk": 21
},
{
    "fields": {
        "codename": "add_group",
        "name": "Can add \u0413\u0440\u0443\u043f\u0430",
        "content_type": 8
    },
    "model": "auth.permission",
    "pk": 22
},
{
    "fields": {
        "codename": "change_group",
        "name": "Can change \u0413\u0440\u0443\u043f\u0430",
        "content_type": 8
    },
    "model": "auth.permission",
    "pk": 23
},
{
    "fields": {
        "codename": "delete_group",
        "name": "Can delete \u0413\u0440\u0443\u043f\u0430",
        "content_type": 8
    },
    "model": "auth.permission",
    "pk": 24
},
{
    "fields": {
        "username": "admin",
        "first_name": "",
        "last_name": "",
        "is_active": true,
        "is_superuser": true,
        "is_staff": true,
        "last_login": "2018-05-29T13:09:05Z",
        "groups": [],
        "user_permissions": [],
        "password": "pbkdf2_sha256$12000$kzGLkXEYXODr$OUZb6iBfCVqO8ihrIooqd6Rs2SE1IzNoaxJZNNoy6Zw=",
        "email": "shurikkiev@ukr.net",
        "date_joined": "2018-04-18T10:53:14Z"
    },
    "model": "auth.user",
    "pk": 1
},
{
    "fields": {
        "username": "aleksandr",
        "first_name": "",
        "last_name": "",
        "is_active": true,
        "is_superuser": true,
        "is_staff": true,
        "last_login": "2018-05-17T14:08:10Z",
        "groups": [],
        "user_permissions": [],
        "password": "pbkdf2_sha256$12000$rl7dMwMjke93$Aln6ZQrP07nYl+oaIL+4DXIBdb/wU9kfJg7B4VkJ8Kw=",
        "email": "shurikkiev@ukr.net",
        "date_joined": "2018-05-17T14:07:38Z"
    },
    "model": "auth.user",
    "pk": 2
},
{
    "fields": {
        "action_flag": 1,
        "action_time": "2018-05-17T14:20:02Z",
        "object_repr": "\u041e\u043b\u0435\u043a\u0441\u0430\u043d\u0434\u0440 \u0411\u0435\u043b\u044c\u0447\u0435\u043d\u043a\u043e",
        "object_id": "3",
        "change_message": "",
        "user": 2,
        "content_type": 7
    },
    "model": "admin.logentry",
    "pk": 1
},
{
    "fields": {
        "action_flag": 2,
        "action_time": "2018-05-17T14:20:11Z",
        "object_repr": "\u041e\u043b\u0435\u043a\u0441\u0430\u043d\u0434\u0440 \u0411\u0435\u043b\u044c\u0447\u0435\u043d\u043a\u043e",
        "object_id": "3",
        "change_message": "No fields changed.",
        "user": 2,
        "content_type": 7
    },
    "model": "admin.logentry",
    "pk": 2
},
{
    "fields": {
        "action_flag": 2,
        "action_time": "2018-05-17T14:24:57Z",
        "object_repr": "\u041e\u043b\u0435\u043a\u0441\u0430\u043d\u0434\u0440 \u0411\u0435\u043b\u044c\u0447\u0435\u043d\u043a\u043e",
        "object_id": "3",
        "change_message": "Changed photo.",
        "user": 2,
        "content_type": 7
    },
    "model": "admin.logentry",
    "pk": 3
},
{
    "fields": {
        "action_flag": 2,
        "action_time": "2018-05-17T14:26:06Z",
        "object_repr": "\u041e\u043b\u0435\u043a\u0441\u0430\u043d\u0434\u0440 \u0411\u0435\u043b\u044c\u0447\u0435\u043d\u043a\u043e",
        "object_id": "3",
        "change_message": "Changed photo.",
        "user": 2,
        "content_type": 7
    },
    "model": "admin.logentry",
    "pk": 4
},
{
    "fields": {
        "action_flag": 2,
        "action_time": "2018-05-17T14:26:21Z",
        "object_repr": "\u041e\u043b\u0435\u043a\u0441\u0430\u043d\u0434\u0440 \u0411\u0435\u043b\u044c\u0447\u0435\u043d\u043a\u043e",
        "object_id": "3",
        "change_message": "Changed photo.",
        "user": 2,
        "content_type": 7
    },
    "model": "admin.logentry",
    "pk": 5
},
{
    "fields": {
        "action_flag": 2,
        "action_time": "2018-05-19T13:17:58Z",
        "object_repr": "\u041e\u043b\u0435\u043a\u0441\u0430\u043d\u0434\u0440 \u0411\u0435\u043b\u044c\u0447\u0435\u043d\u043a\u043e",
        "object_id": "3",
        "change_message": "No fields changed.",
        "user": 2,
        "content_type": 7
    },
    "model": "admin.logentry",
    "pk": 6
},
{
    "fields": {
        "action_flag": 1,
        "action_time": "2018-05-23T13:38:42Z",
        "object_repr": "\u0406\u043b\u043e\u043d \u041c\u0430\u0441\u043a",
        "object_id": "4",
        "change_message": "",
        "user": 2,
        "content_type": 7
    },
    "model": "admin.logentry",
    "pk": 7
},
{
    "fields": {
        "action_flag": 1,
        "action_time": "2018-05-23T14:06:07Z",
        "object_repr": "\u0421\u0432\u0435\u0442\u0430 \u0421\u0432\u0435\u0442\u0430",
        "object_id": "5",
        "change_message": "",
        "user": 2,
        "content_type": 7
    },
    "model": "admin.logentry",
    "pk": 8
},
{
    "fields": {
        "action_flag": 1,
        "action_time": "2018-05-23T14:06:23Z",
        "object_repr": "\u0410\u043b\u0435\u043a\u0441\u0435\u0439 \u0410\u043d\u0442\u043e\u043d",
        "object_id": "6",
        "change_message": "",
        "user": 2,
        "content_type": 7
    },
    "model": "admin.logentry",
    "pk": 9
},
{
    "fields": {
        "action_flag": 2,
        "action_time": "2018-05-24T14:36:57Z",
        "object_repr": "LA-71 (Aleksanr Zakharov)",
        "object_id": "2",
        "change_message": "Changed leader.",
        "user": 2,
        "content_type": 8
    },
    "model": "admin.logentry",
    "pk": 10
},
{
    "fields": {
        "action_flag": 3,
        "action_time": "2018-05-24T14:37:18Z",
        "object_repr": "LA-71 (Aleksanr Zakharov)",
        "object_id": "2",
        "change_message": "",
        "user": 2,
        "content_type": 8
    },
    "model": "admin.logentry",
    "pk": 11
},
{
    "fields": {
        "action_flag": 3,
        "action_time": "2018-05-24T14:37:18Z",
        "object_repr": "LN-71 (Oleg Podoba)",
        "object_id": "1",
        "change_message": "",
        "user": 2,
        "content_type": 8
    },
    "model": "admin.logentry",
    "pk": 12
},
{
    "fields": {
        "action_flag": 1,
        "action_time": "2018-05-24T14:37:34Z",
        "object_repr": "\u041b\u0410-71 (Oleg Podoba)",
        "object_id": "3",
        "change_message": "",
        "user": 2,
        "content_type": 8
    },
    "model": "admin.logentry",
    "pk": 13
},
{
    "fields": {
        "action_flag": 1,
        "action_time": "2018-05-24T14:37:43Z",
        "object_repr": "\u041b\u0410-72 (Aleksanr Zakharov)",
        "object_id": "4",
        "change_message": "",
        "user": 2,
        "content_type": 8
    },
    "model": "admin.logentry",
    "pk": 14
},
{
    "fields": {
        "action_flag": 1,
        "action_time": "2018-05-24T14:37:53Z",
        "object_repr": "\u041b\u041d-71 (\u0410\u043b\u0435\u043a\u0441\u0435\u0439 \u0410\u043d\u0442\u043e\u043d)",
        "object_id": "5",
        "change_message": "",
        "user": 2,
        "content_type": 8
    },
    "model": "admin.logentry",
    "pk": 15
},
{
    "fields": {
        "action_flag": 1,
        "action_time": "2018-05-24T14:38:06Z",
        "object_repr": "\u041b\u041f-71 (\u041e\u043b\u0435\u043a\u0441\u0430\u043d\u0434\u0440 \u0411\u0435\u043b\u044c\u0447\u0435\u043d\u043a\u043e)",
        "object_id": "6",
        "change_message": "",
        "user": 2,
        "content_type": 8
    },
    "model": "admin.logentry",
    "pk": 16
},
{
    "fields": {
        "action_flag": 1,
        "action_time": "2018-05-24T14:38:14Z",
        "object_repr": "\u041b\u041f-72 (\u0406\u043b\u043e\u043d \u041c\u0430\u0441\u043a)",
        "object_id": "7",
        "change_message": "",
        "user": 2,
        "content_type": 8
    },
    "model": "admin.logentry",
    "pk": 17
},
{
    "fields": {
        "action_flag": 1,
        "action_time": "2018-05-24T14:38:23Z",
        "object_repr": "\u041b\u0423-71 (\u0421\u0432\u0435\u0442\u0430 \u0421\u0432\u0435\u0442\u0430)",
        "object_id": "8",
        "change_message": "",
        "user": 2,
        "content_type": 8
    },
    "model": "admin.logentry",
    "pk": 18
},
{
    "fields": {
        "action_flag": 2,
        "action_time": "2018-05-24T15:00:42Z",
        "object_repr": "Oleg Podoba",
        "object_id": "1",
        "change_message": "Changed middle_name and student_group.",
        "user": 2,
        "content_type": 7
    },
    "model": "admin.logentry",
    "pk": 19
},
{
    "fields": {
        "action_flag": 2,
        "action_time": "2018-05-24T15:00:49Z",
        "object_repr": "Oleg Podoba",
        "object_id": "1",
        "change_message": "No fields changed.",
        "user": 2,
        "content_type": 7
    },
    "model": "admin.logentry",
    "pk": 20
},
{
    "fields": {
        "action_flag": 2,
        "action_time": "2018-05-29T12:57:59Z",
        "object_repr": "Oleg Podoba",
        "object_id": "1",
        "change_message": "Changed photo.",
        "user": 1,
        "content_type": 7
    },
    "model": "admin.logentry",
    "pk": 21
},
{
    "fields": {
        "action_flag": 2,
        "action_time": "2018-05-29T12:58:16Z",
        "object_repr": "\u0410\u043b\u0435\u043a\u0441\u0435\u0439 \u0410\u043d\u0442\u043e\u043d",
        "object_id": "6",
        "change_message": "Changed student_group.",
        "user": 1,
        "content_type": 7
    },
    "model": "admin.logentry",
    "pk": 22
},
{
    "fields": {
        "action_flag": 2,
        "action_time": "2018-05-29T12:58:22Z",
        "object_repr": "Oleg Podoba",
        "object_id": "1",
        "change_message": "No fields changed.",
        "user": 1,
        "content_type": 7
    },
    "model": "admin.logentry",
    "pk": 23
},
{
    "fields": {
        "action_flag": 2,
        "action_time": "2018-05-29T12:58:47Z",
        "object_repr": "Aleksanr Zakharov",
        "object_id": "2",
        "change_message": "Changed middle_name and student_group.",
        "user": 1,
        "content_type": 7
    },
    "model": "admin.logentry",
    "pk": 24
},
{
    "fields": {
        "action_flag": 2,
        "action_time": "2018-05-29T12:58:52Z",
        "object_repr": "\u0410\u043b\u0435\u043a\u0441\u0435\u0439 \u0410\u043d\u0442\u043e\u043d",
        "object_id": "6",
        "change_message": "No fields changed.",
        "user": 1,
        "content_type": 7
    },
    "model": "admin.logentry",
    "pk": 25
},
{
    "fields": {
        "action_flag": 2,
        "action_time": "2018-05-29T12:58:57Z",
        "object_repr": "\u041e\u043b\u0435\u043a\u0441\u0430\u043d\u0434\u0440 \u0411\u0435\u043b\u044c\u0447\u0435\u043d\u043a\u043e",
        "object_id": "3",
        "change_message": "Changed student_group.",
        "user": 1,
        "content_type": 7
    },
    "model": "admin.logentry",
    "pk": 26
},
{
    "fields": {
        "action_flag": 2,
        "action_time": "2018-05-29T12:59:02Z",
        "object_repr": "\u0406\u043b\u043e\u043d \u041c\u0430\u0441\u043a",
        "object_id": "4",
        "change_message": "Changed student_group.",
        "user": 1,
        "content_type": 7
    },
    "model": "admin.logentry",
    "pk": 27
},
{
    "fields": {
        "action_flag": 2,
        "action_time": "2018-05-29T12:59:15Z",
        "object_repr": "\u0421\u0432\u0435\u0442\u0430 \u0421\u0432\u0435\u0442\u0430",
        "object_id": "5",
        "change_message": "Changed student_group.",
        "user": 1,
        "content_type": 7
    },
    "model": "admin.logentry",
    "pk": 28
},
{
    "fields": {
        "action_flag": 2,
        "action_time": "2018-05-29T12:59:38Z",
        "object_repr": "\u0410\u043b\u0435\u043a\u0441\u0435\u0439 \u0410\u043d\u0442\u043e\u043d",
        "object_id": "6",
        "change_message": "Changed photo.",
        "user": 1,
        "content_type": 7
    },
    "model": "admin.logentry",
    "pk": 29
},
{
    "fields": {
        "action_flag": 2,
        "action_time": "2018-05-29T12:59:58Z",
        "object_repr": "Aleksandr Zakharov",
        "object_id": "2",
        "change_message": "Changed first_name.",
        "user": 1,
        "content_type": 7
    },
    "model": "admin.logentry",
    "pk": 30
},
{
    "fields": {
        "action_flag": 2,
        "action_time": "2018-05-29T13:00:23Z",
        "object_repr": "\u0421\u0432\u0435\u0442\u0430 \u0421\u0432\u0435\u0442\u0430",
        "object_id": "5",
        "change_message": "Changed photo.",
        "user": 1,
        "content_type": 7
    },
    "model": "admin.logentry",
    "pk": 31
},
{
    "fields": {
        "action_flag": 2,
        "action_time": "2018-05-29T13:00:26Z",
        "object_repr": "\u0421\u0432\u0435\u0442\u0430 \u0421\u0432\u0435\u0442\u0430",
        "object_id": "5",
        "change_message": "No fields changed.",
        "user": 1,
        "content_type": 7
    },
    "model": "admin.logentry",
    "pk": 32
},
{
    "fields": {
        "action_flag": 1,
        "action_time": "2018-05-29T13:50:51Z",
        "object_repr": "2121 2121",
        "object_id": "7",
        "change_message": "",
        "user": 1,
        "content_type": 7
    },
    "model": "admin.logentry",
    "pk": 33
},
{
    "fields": {
        "action_flag": 2,
        "action_time": "2018-05-29T13:50:56Z",
        "object_repr": "2121 2121",
        "object_id": "7",
        "change_message": "No fields changed.",
        "user": 1,
        "content_type": 7
    },
    "model": "admin.logentry",
    "pk": 34
},
{
    "fields": {
        "action_flag": 1,
        "action_time": "2018-06-01T06:48:31Z",
        "object_repr": "\u041b\u0410-\u043f71",
        "object_id": "9",
        "change_message": "",
        "user": 1,
        "content_type": 8
    },
    "model": "admin.logentry",
    "pk": 35
},
{
    "fields": {
        "action_flag": 1,
        "action_time": "2018-06-01T06:48:47Z",
        "object_repr": "\u0412\u043b\u0430\u0434\u0438\u0441\u043b\u0430\u0432 \u0421\u0435\u043c\u0435\u043d\u0446\u043e\u0432",
        "object_id": "8",
        "change_message": "",
        "user": 1,
        "content_type": 7
    },
    "model": "admin.logentry",
    "pk": 36
},
{
    "fields": {
        "action_flag": 1,
        "action_time": "2018-06-01T06:49:13Z",
        "object_repr": "\u0420\u043e\u043c\u0430\u043d \u041d\u0443\u0440\u043c\u0430\u043c\u0435\u0434\u043e\u0432",
        "object_id": "9",
        "change_message": "",
        "user": 1,
        "content_type": 7
    },
    "model": "admin.logentry",
    "pk": 37
},
{
    "fields": {
        "action_flag": 2,
        "action_time": "2018-06-01T06:49:34Z",
        "object_repr": "\u041b\u0410-\u043f71 (\u0412\u043b\u0430\u0434\u0438\u0441\u043b\u0430\u0432 \u0421\u0435\u043c\u0435\u043d\u0446\u043e\u0432)",
        "object_id": "9",
        "change_message": "Changed leader.",
        "user": 1,
        "content_type": 8
    },
    "model": "admin.logentry",
    "pk": 38
},
{
    "fields": {
        "action_flag": 1,
        "action_time": "2018-06-01T06:50:01Z",
        "object_repr": "\u0412\u043b\u0430\u0434\u0438\u0441\u043b\u0430\u0432 \u041a\u043b\u0456\u043c\u0435\u043d\u043a\u043e",
        "object_id": "10",
        "change_message": "",
        "user": 1,
        "content_type": 7
    },
    "model": "admin.logentry",
    "pk": 39
},
{
    "fields": {
        "action_flag": 1,
        "action_time": "2018-06-01T06:50:28Z",
        "object_repr": "\u0404\u043b\u0456\u0437\u0430\u0432\u0435\u0442\u0430 \u041c\u0435\u043b\u0430\u043d\u0456\u0447",
        "object_id": "11",
        "change_message": "",
        "user": 1,
        "content_type": 7
    },
    "model": "admin.logentry",
    "pk": 40
},
{
    "fields": {
        "action_flag": 2,
        "action_time": "2018-06-01T06:50:41Z",
        "object_repr": "\u041b\u0410-71 (\u0404\u043b\u0456\u0437\u0430\u0432\u0435\u0442\u0430 \u041c\u0435\u043b\u0430\u043d\u0456\u0447)",
        "object_id": "3",
        "change_message": "Changed leader.",
        "user": 1,
        "content_type": 8
    },
    "model": "admin.logentry",
    "pk": 41
},
{
    "fields": {
        "action_flag": 1,
        "action_time": "2018-06-01T06:51:45Z",
        "object_repr": "\u0412\u043b\u0430\u0434\u0438\u0441\u043b\u0430\u0432 \u041f\u0440\u044f\u0445\u0456\u043d",
        "object_id": "12",
        "change_message": "",
        "user": 1,
        "content_type": 7
    },
    "model": "admin.logentry",
    "pk": 42
},
{
    "fields": {
        "action_flag": 1,
        "action_time": "2018-06-01T06:52:19Z",
        "object_repr": "\u0412\u043b\u0430\u0434\u0438\u0441\u043b\u0430\u0432 \u041c\u043e\u043c\u043e\u0442",
        "object_id": "13",
        "change_message": "",
        "user": 1,
        "content_type": 7
    },
    "model": "admin.logentry",
    "pk": 43
},
{
    "fields": {
        "action_flag": 1,
        "action_time": "2018-06-01T06:52:41Z",
        "object_repr": "\u0410\u043b\u0456\u043d\u0430 \u0410\u043c\u0431\u0440\u043e\u0441\u044c\u043e\u043d\u043e\u043a",
        "object_id": "14",
        "change_message": "",
        "user": 1,
        "content_type": 7
    },
    "model": "admin.logentry",
    "pk": 44
},
{
    "fields": {
        "action_flag": 1,
        "action_time": "2018-06-01T06:52:59Z",
        "object_repr": "\u0411\u043e\u0433\u0434\u0430\u043d \u0413\u0440\u0435\u0447\u0443\u043a",
        "object_id": "15",
        "change_message": "",
        "user": 1,
        "content_type": 7
    },
    "model": "admin.logentry",
    "pk": 45
},
{
    "fields": {
        "action_flag": 1,
        "action_time": "2018-06-01T06:53:21Z",
        "object_repr": "\u0414\u043c\u0438\u0442\u0440\u043e \u0427\u0435\u043f\u043e\u0432",
        "object_id": "16",
        "change_message": "",
        "user": 1,
        "content_type": 7
    },
    "model": "admin.logentry",
    "pk": 46
},
{
    "fields": {
        "action_flag": 1,
        "action_time": "2018-06-01T06:53:43Z",
        "object_repr": "\u0414\u043c\u0438\u0442\u0440\u043e \u041b\u0443\u043d\u0456\u043d",
        "object_id": "17",
        "change_message": "",
        "user": 1,
        "content_type": 7
    },
    "model": "admin.logentry",
    "pk": 47
},
{
    "fields": {
        "action_flag": 1,
        "action_time": "2018-06-01T06:54:11Z",
        "object_repr": "\u0411\u043e\u0433\u0434\u0430\u043d \u0413\u043b\u0443\u0445\u0435\u043d\u044c\u043a\u0438\u0439",
        "object_id": "18",
        "change_message": "",
        "user": 1,
        "content_type": 7
    },
    "model": "admin.logentry",
    "pk": 48
},
{
    "fields": {
        "action_flag": 2,
        "action_time": "2018-06-01T06:54:27Z",
        "object_repr": "\u041b\u0410-72 (\u0411\u043e\u0433\u0434\u0430\u043d \u0413\u043b\u0443\u0445\u0435\u043d\u044c\u043a\u0438\u0439)",
        "object_id": "4",
        "change_message": "Changed leader.",
        "user": 1,
        "content_type": 8
    },
    "model": "admin.logentry",
    "pk": 49
},
{
    "fields": {
        "action_flag": 1,
        "action_time": "2018-06-01T06:54:53Z",
        "object_repr": "\u041c\u0438\u043a\u043e\u043b\u0430 \u041f\u0440\u0430\u0432\u0456\u043b\u043e\u0432",
        "object_id": "19",
        "change_message": "",
        "user": 1,
        "content_type": 7
    },
    "model": "admin.logentry",
    "pk": 50
},
{
    "fields": {
        "action_flag": 1,
        "action_time": "2018-06-01T06:55:54Z",
        "object_repr": "\u041e\u043b\u0435\u043a\u0441\u0456\u0439 \u0411\u0430\u0440\u0430\u043d\u043e\u0432\u044c\u043a\u0438\u0439",
        "object_id": "20",
        "change_message": "",
        "user": 1,
        "content_type": 7
    },
    "model": "admin.logentry",
    "pk": 51
},
{
    "fields": {
        "action_flag": 1,
        "action_time": "2018-06-01T06:56:31Z",
        "object_repr": "\u0404\u0433\u043e\u0440 \u0422\u0440\u0430\u0447\u0443\u043a",
        "object_id": "21",
        "change_message": "",
        "user": 1,
        "content_type": 7
    },
    "model": "admin.logentry",
    "pk": 52
},
{
    "fields": {
        "action_flag": 1,
        "action_time": "2018-06-01T06:56:53Z",
        "object_repr": "\u041c\u0438\u043a\u043e\u043b\u0430 \u041a\u0440\u043e\u043c\u0431\u0435\u0442",
        "object_id": "22",
        "change_message": "",
        "user": 1,
        "content_type": 7
    },
    "model": "admin.logentry",
    "pk": 53
},
{
    "fields": {
        "action_flag": 1,
        "action_time": "2018-06-01T06:57:17Z",
        "object_repr": "\u0412\u043b\u0430\u0434\u0438\u0441\u043b\u0430\u0432 \u041c\u0430\u043a\u043e\u0432\u0441\u044c\u043a\u0438\u0439",
        "object_id": "23",
        "change_message": "",
        "user": 1,
        "content_type": 7
    },
    "model": "admin.logentry",
    "pk": 54
},
{
    "fields": {
        "action_flag": 1,
        "action_time": "2018-06-01T06:57:42Z",
        "object_repr": "\u041a\u0438\u0440\u0438\u043b\u043e \u041a\u0443\u043b\u0456\u043d\u0456\u0447",
        "object_id": "24",
        "change_message": "",
        "user": 1,
        "content_type": 7
    },
    "model": "admin.logentry",
    "pk": 55
},
{
    "fields": {
        "action_flag": 1,
        "action_time": "2018-06-01T06:58:06Z",
        "object_repr": "\u0421\u0432\u0456\u0442\u043b\u0430\u043d\u0430 \u0427\u0435\u0440\u0435\u0434\u0430",
        "object_id": "25",
        "change_message": "",
        "user": 1,
        "content_type": 7
    },
    "model": "admin.logentry",
    "pk": 56
},
{
    "fields": {
        "action_flag": 1,
        "action_time": "2018-06-01T06:58:34Z",
        "object_repr": "\u041e\u043b\u0435\u043a\u0441\u0430\u043d\u0434\u0440\u0430 \u0421\u043e\u0440\u043e\u043a\u0456\u043d\u0430",
        "object_id": "26",
        "change_message": "",
        "user": 1,
        "content_type": 7
    },
    "model": "admin.logentry",
    "pk": 57
},
{
    "fields": {
        "action_flag": 1,
        "action_time": "2018-06-01T06:58:59Z",
        "object_repr": "\u0420\u043e\u043c\u0430\u043d \u0411\u043e\u043d\u0434\u0430\u0440",
        "object_id": "27",
        "change_message": "",
        "user": 1,
        "content_type": 7
    },
    "model": "admin.logentry",
    "pk": 58
},
{
    "fields": {
        "action_flag": 1,
        "action_time": "2018-06-01T06:59:29Z",
        "object_repr": "\u041d\u0456\u043a\u0456\u0442\u0430 \u0422\u0438\u0449\u0435\u043d\u043a\u043e",
        "object_id": "28",
        "change_message": "",
        "user": 1,
        "content_type": 7
    },
    "model": "admin.logentry",
    "pk": 59
},
{
    "fields": {
        "action_flag": 1,
        "action_time": "2018-06-01T07:00:04Z",
        "object_repr": "\u0414\u0435\u043d\u0438\u0441 \u041a\u043e\u0437\u0456\u043a",
        "object_id": "29",
        "change_message": "",
        "user": 1,
        "content_type": 7
    },
    "model": "admin.logentry",
    "pk": 60
},
{
    "fields": {
        "action_flag": 1,
        "action_time": "2018-06-01T07:00:36Z",
        "object_repr": "\u041b\u0426-71",
        "object_id": "10",
        "change_message": "",
        "user": 1,
        "content_type": 8
    },
    "model": "admin.logentry",
    "pk": 61
},
{
    "fields": {
        "action_flag": 1,
        "action_time": "2018-06-01T07:00:43Z",
        "object_repr": "\u041b\u0410-61",
        "object_id": "11",
        "change_message": "",
        "user": 1,
        "content_type": 8
    },
    "model": "admin.logentry",
    "pk": 62
},
{
    "fields": {
        "action_flag": 1,
        "action_time": "2018-06-01T07:00:57Z",
        "object_repr": "\u041b\u0410-62",
        "object_id": "12",
        "change_message": "",
        "user": 1,
        "content_type": 8
    },
    "model": "admin.logentry",
    "pk": 63
},
{
    "fields": {
        "action_flag": 1,
        "action_time": "2018-06-01T07:01:35Z",
        "object_repr": "\u042e\u043b\u0456\u0430\u043d\u0430 \u0428\u043a\u043b\u044f\u0440\u0435\u043d\u043a\u043e",
        "object_id": "30",
        "change_message": "",
        "user": 1,
        "content_type": 7
    },
    "model": "admin.logentry",
    "pk": 64
},
{
    "fields": {
        "action_flag": 2,
        "action_time": "2018-06-01T07:01:47Z",
        "object_repr": "\u041b\u0426-71 (\u042e\u043b\u0456\u0430\u043d\u0430 \u0428\u043a\u043b\u044f\u0440\u0435\u043d\u043a\u043e)",
        "object_id": "10",
        "change_message": "Changed leader.",
        "user": 1,
        "content_type": 8
    },
    "model": "admin.logentry",
    "pk": 65
},
{
    "fields": {
        "action_flag": 1,
        "action_time": "2018-06-01T07:02:08Z",
        "object_repr": "\u0412\u043e\u043b\u043e\u0434\u0438\u043c\u0438\u0440 \u0413\u043e\u0440\u044f\u043d\u043e\u0439",
        "object_id": "31",
        "change_message": "",
        "user": 1,
        "content_type": 7
    },
    "model": "admin.logentry",
    "pk": 66
},
{
    "fields": {
        "action_flag": 1,
        "action_time": "2018-06-01T07:02:31Z",
        "object_repr": "\u0421\u0432\u0456\u0442\u043b\u0430\u043d\u0430 \u0421\u043f\u0456\u0432\u0430\u043a",
        "object_id": "32",
        "change_message": "",
        "user": 1,
        "content_type": 7
    },
    "model": "admin.logentry",
    "pk": 67
},
{
    "fields": {
        "action_flag": 1,
        "action_time": "2018-06-01T07:02:56Z",
        "object_repr": "\u0404\u0432\u0433\u0435\u043d\u0456\u0439 \u041f\u043e\u043d\u043e\u043c\u0430\u0440\u0435\u043d\u043a\u043e",
        "object_id": "33",
        "change_message": "",
        "user": 1,
        "content_type": 7
    },
    "model": "admin.logentry",
    "pk": 68
},
{
    "fields": {
        "action_flag": 1,
        "action_time": "2018-06-01T07:03:22Z",
        "object_repr": "\u041a\u0430\u0442\u0435\u0440\u0438\u043d\u0430 \u0411\u043e\u043d\u0434\u0430\u0440\u0435\u043d\u043a\u043e",
        "object_id": "34",
        "change_message": "",
        "user": 1,
        "content_type": 7
    },
    "model": "admin.logentry",
    "pk": 69
},
{
    "fields": {
        "action_flag": 2,
        "action_time": "2018-06-01T07:04:06Z",
        "object_repr": "\u041b\u0410-61 (\u041a\u0430\u0442\u0435\u0440\u0438\u043d\u0430 \u0411\u043e\u043d\u0434\u0430\u0440\u0435\u043d\u043a\u043e)",
        "object_id": "11",
        "change_message": "Changed leader.",
        "user": 1,
        "content_type": 8
    },
    "model": "admin.logentry",
    "pk": 70
},
{
    "fields": {
        "action_flag": 1,
        "action_time": "2018-06-01T07:04:29Z",
        "object_repr": "\u0410\u043d\u0434\u0440\u0456\u0439 \u0406\u0441\u0442\u043e\u043c\u0456\u043d",
        "object_id": "35",
        "change_message": "",
        "user": 1,
        "content_type": 7
    },
    "model": "admin.logentry",
    "pk": 71
},
{
    "fields": {
        "action_flag": 1,
        "action_time": "2018-06-01T07:04:58Z",
        "object_repr": "\u0412\u043b\u0430\u0434\u0438\u0441\u043b\u0430\u0432 \u0414\u0436\u0443\u0441",
        "object_id": "36",
        "change_message": "",
        "user": 1,
        "content_type": 7
    },
    "model": "admin.logentry",
    "pk": 72
},
{
    "fields": {
        "action_flag": 1,
        "action_time": "2018-06-01T07:05:28Z",
        "object_repr": "\u0412\u0456\u043a\u0442\u043e\u0440\u0456\u044f \u041a\u043e\u043d\u0434\u0440\u0430\u0442\u043e\u0432\u0430",
        "object_id": "37",
        "change_message": "",
        "user": 1,
        "content_type": 7
    },
    "model": "admin.logentry",
    "pk": 73
},
{
    "fields": {
        "action_flag": 1,
        "action_time": "2018-06-01T07:05:46Z",
        "object_repr": "\u0412\u0430\u043b\u0435\u0440\u0456\u044f \u0411\u0430\u0431\u0447\u0443\u043a",
        "object_id": "38",
        "change_message": "",
        "user": 1,
        "content_type": 7
    },
    "model": "admin.logentry",
    "pk": 74
},
{
    "fields": {
        "action_flag": 1,
        "action_time": "2018-06-01T07:06:11Z",
        "object_repr": "\u0412\u0430\u0434\u0438\u043c \u0411\u043e\u043d\u0434\u0430\u0440",
        "object_id": "39",
        "change_message": "",
        "user": 1,
        "content_type": 7
    },
    "model": "admin.logentry",
    "pk": 75
},
{
    "fields": {
        "action_flag": 1,
        "action_time": "2018-06-01T07:06:30Z",
        "object_repr": "\u041c\u0430\u043a\u0441\u0438\u043c \u041b\u044e\u043b\u0456\u043d",
        "object_id": "40",
        "change_message": "",
        "user": 1,
        "content_type": 7
    },
    "model": "admin.logentry",
    "pk": 76
},
{
    "fields": {
        "action_flag": 1,
        "action_time": "2018-06-01T07:06:52Z",
        "object_repr": "\u041c\u0430\u043a\u0441\u0438\u043c \u0410\u043d\u0442\u043e\u043d\u0438\u0448\u0438\u043d",
        "object_id": "41",
        "change_message": "",
        "user": 1,
        "content_type": 7
    },
    "model": "admin.logentry",
    "pk": 77
},
{
    "fields": {
        "action_flag": 1,
        "action_time": "2018-06-01T07:07:10Z",
        "object_repr": "\u0410\u043d\u0442\u043e\u043d \u0406\u0441\u044c\u043a\u043e\u0432",
        "object_id": "42",
        "change_message": "",
        "user": 1,
        "content_type": 7
    },
    "model": "admin.logentry",
    "pk": 78
},
{
    "fields": {
        "action_flag": 2,
        "action_time": "2018-06-01T07:07:38Z",
        "object_repr": "\u041b\u0410-62 (\u041c\u0430\u043a\u0441\u0438\u043c \u041b\u044e\u043b\u0456\u043d)",
        "object_id": "12",
        "change_message": "Changed leader.",
        "user": 1,
        "content_type": 8
    },
    "model": "admin.logentry",
    "pk": 79
}
]
